frame,time_s,sfx,note
0,0.00,music,"music in on the downbeat, no intro (120 BPM)"
30,1.00,impact,"IT IS ONE."
58,1.93,tick,"bracket on the wall"
165,5.50,impact,"steps 3-4 shoot up, THEY AREN'T."
210,7.00,tick,"typing"
213,7.10,tick,"typing"
216,7.20,tick,"typing"
219,7.30,tick,"typing"
222,7.40,tick,"typing"
240,8.00,impact,"NUMBER"
244,8.13,pop,"marker appears"
251,8.37,tick,"marker jump"
258,8.60,tick,"marker jump"
264,8.80,tick,"marker jump"
270,9.00,tick,"marker jump"
276,9.20,tick,"marker jump"
281,9.37,tick,"marker jump"
285,9.50,click,"marker locks on 7"
314,10.47,pop,"book lands, marker becomes dot 1"
330,11.00,pop,"callout 1"
345,11.50,pop,"callout 2"
360,12.00,pop,"callout 3"
375,12.50,pop,"callout 4"
420,14.00,pop,"HOW HARD. + Intensity glows"
435,14.50,pop,"HOW MUCH. + Volume rises"
450,15.00,pop,"WHEN. + Periodization rises"
456,15.20,tick,"row Intensity"
462,15.40,tick,"row Volume"
468,15.60,tick,"row Periodization"
480,16.00,impact,"+ PRIVATE DISCORD INCLUDED"
534,17.80,pop,"review 1"
556,18.53,pop,"review 2"
660,22.00,pop,"books rise"
675,22.50,music,"music silent until 690"
690,23.00,impact,"ALL THREE - $44.99, music back"
705,23.50,tick,"SAVE 55% tag swings in"
716,23.87,tick,"check 1"
722,24.07,tick,"check 2"
728,24.27,tick,"check 3"
734,24.47,tick,"check 4"
740,24.67,tick,"check 5"
755,25.17,click,"GET THE PACK"
795,26.50,music,"music fades out to 825"
